x,DP,Finetuning,1st-Order,2nd-Order,Retraining,SISA
10,61.8238434163701,62.17645314353499,63.52787663107948,95.56227758007115,98.44750889679716,96.26779359430604
50,59.23161328588375,59.241992882562265,59.73413404507711,89.72049228944246,98.39857651245552,94.81613285883748
100,56.00252075919335,56.043742586002374,56.089709371293,83.64753855278767,98.31257413997626,91.6429418742586
