x,DP,Finetuning,1st-Order,2nd-Order
10,4.768810133706993,4.688866150652025,4.708449420224253,0.06837658569061235
50,14.259947734986858,14.05905433357907,14.047564628105894,0.3159999967600499
100,26.512437810827965,26.18269034933822,26.08967898448838,0.8715911536162142
